id,target,prediction
POSCAR_10006.vasp,6.14900016784668,0.3766530752182007
POSCAR_10007.vasp,4.072000026702881,0.7375733256340027
POSCAR_10008.vasp,0.0,0.27705079317092896
POSCAR_10009.vasp,0.0,0.2477041482925415
POSCAR_10010.vasp,2.3410000801086426,0.7367298603057861
