id,target,prediction
POSCAR-JVASP-21210.vasp,6.14900016784668,0.6550663113594055
POSCAR-JVASP-97677.vasp,4.072000026702881,0.7370704412460327
POSCAR-JVASP-65101.vasp,0.0,0.43765532970428467
POSCAR-JVASP-65062.vasp,0.0,0.47903522849082947
POSCAR-JVASP-97570.vasp,2.3410000801086426,0.3973797857761383
